Name,MemberId,DOB
Amy,685582,12/03/2000
Bobby,245718,01/11/1966
Caroline,820215,20/01/1971
Diana,161505,12/07/1998
Earl,446066,09/09/2003
Frank,518722,29/04/1974
Garfield,609738,17/06/1951
Helen,390553,18/08/1988
Issac,512203,15/10/1995
Jordan,873873,05/05/1985
Jeffrey,685583,21/04/2006
Raeanne,873871,01/01/2006
Amicus,873872,02/02/2006
John,873870,03/03/2006
James,123343,01/01/2006
Harry,123341,01/01/2006
Carl,161508,01/01/2006
Peter,123456,12/01/2024
Lee,123890,12/12/2000
YongCong,707404,29/02/2020
